timestamp,event,TCP_pose,joint_angles,TCP_force
0.0,END d_bow,"[0.25993297003454136, 0.7026132376209617, 0.12490515838989419, -1.9980693918516614, -1.8182700206671663, 0.5598559585588855]","[-2.2221811453448694, -0.55094929159198, 1.3296259085284632, -1.9992009601988734, -1.1242755095111292, -2.2041624228106897]","[0.37216444513103725, 2.937931753851759, -1.1019752550806337, -0.07746498837806495, 0.0028223671055585737, 0.021144766445699053]"
0.2560000000000855,START g_bow,"[0.2599513643511721, 0.702598247868479, 0.1248828497794246, -1.9981206537062726, -1.8182250775350677, 0.5599401359870554]","[-2.22221547762026, -0.5509385627559205, 1.3296569029437464, -1.9991737804808558, -1.1242945829974573, -2.2041590849505823]","[0.5099494616049473, 0.7816064832827397, -0.06265156854493623, -0.00858229077000643, 0.014594957332892374, 0.011400983979750425]"
1.6079999999999472,END g_bow,"[0.2302001548824922, 0.582990705005954, 0.11352324301085566, -2.0273071209441835, -1.8159057233408766, 0.5755494968360174]","[-2.3032036463366907, -0.7162404817393799, 1.7552374045001429, -2.219079156915182, -1.1723998228656214, -2.268289391194479]","[-0.540685514764799, 0.6867005494220745, 0.2209971255866212, -0.08211652286402354, -0.029756097403018635, -0.17518501666071637]"
1.6320000000000618,START g_bow,"[0.2301770869048724, 0.5830158408063992, 0.11352014112063738, -2.0273059056616707, -1.8159694924169207, 0.5755581880780507]","[-2.3031492869006556, -0.7162212890437623, 1.7551935354815882, -2.219067235986227, -1.1724274794207972, -2.2682622114764612]","[-1.0222356316230174, -0.13164957943744143, 1.1273862160368395, -0.08705183540616511, -0.05488424836932636, -0.1593089829108669]"
2.2560000000000855,END g_bow,"[0.23814534360270484, 0.6148878758537103, 0.11657760848867746, -2.0194455328605265, -1.8167092129587703, 0.571231582113564]","[-2.2787302176104944, -0.6781962674907227, 1.6506622473346155, -2.163960119287008, -1.1581910292254847, -2.2487338224994105]","[-0.0897467192724275, -0.6281610537960659, -0.6795523078717098, 0.035526161261353634, 0.013138643026758315, 0.024607841994432736]"
2.2799999999999727,START g_bow,"[0.2381568413295145, 0.6148891169542576, 0.11658881767679936, -2.01946813203876, -1.8166355646653478, 0.571236490927729]","[-2.2787426153766077, -0.6782118839076539, 1.6506598631488245, -2.163940568963522, -1.1581552664386194, -2.248702351246969]","[0.5483907372942634, -0.2417124704719264, -1.111397334029752, 0.03948046143496417, 0.02945859154928436, 0.03177604389125109]"
2.9039999999999964,END g_bow,"[0.2301552702573011, 0.5829807714620875, 0.11344699999792698, -2.0272324669453012, -1.8158813268929521, 0.5758577705108568]","[-2.3031542936908167, -0.7161410611918946, 1.755301300679342, -2.2190190754332484, -1.1723640600787562, -2.2683170477496546]","[-1.21886756126398, -0.5429426325442401, 1.0610001129705442, -0.08297817430340047, -0.056674082058121036, -0.17196802742905093]"
2.928000000000111,START g_bow,"[0.23014960833987583, 0.5830025495365901, 0.11346212779776124, -2.02724061062715, -1.8159382852135224, 0.5757752734641565]","[-2.3031252066241663, -0.7161446374705811, 1.7552478949176233, -2.219034811059469, -1.1723879019366663, -2.2682951132403772]","[-0.15962112311966803, 0.7575142616438234, 0.2649680710932337, -0.07857430016441504, -0.012534211628710774, -0.14864561846649987]"
4.183999999999969,END g_bow,"[0.259882609969676, 0.702596530569778, 0.12478098763520672, -1.9979442341847988, -1.8182873597251281, 0.5603229290157178]","[-2.2221325079547327, -0.5508257907680054, 1.3297079245196741, -1.999047418633932, -1.1242392698871058, -2.204275910054342]","[0.08968348383932626, 0.3294674659319668, 0.01773061600816249, -0.017926064846990997, 0.018430333312137944, 0.045017863226933935]"
4.208000000000084,START g_bow,"[0.25989730080481216, 0.702593231877555, 0.12480953956276158, -1.9979180988666885, -1.818248652339196, 0.560213458365547]","[-2.2221487204181116, -0.5508534473231812, 1.3297045866595667, -1.9990936718382777, -1.124188248311178, -2.204275433217184]","[0.1349723727615861, 0.552565914442703, 0.2317324938708072, -0.014138334411371432, 0.012701303756140009, 0.030042345127414723]"
4.832000000000107,END g_bow,"[0.25187759798401316, 0.6707358516791986, 0.12174499349726663, -2.0057084891943258, -1.8175570149738096, 0.5646238260920484]","[-2.240948502217428, -0.6013581317714234, 1.453423802052633, -2.0619551144041957, -1.1356166044818323, -2.2188504377948206]","[-1.2965004532364868, -1.3890498993849882, 0.22922758022740797, -0.031318599222634434, -0.04459006499616201, -0.15379871340205717]"
4.8559999999999945,START g_bow,"[0.25186215788690436, 0.6707255744037082, 0.12172516198845384, -2.0056795635326887, -1.8176243268289536, 0.5646821432737065]","[-2.2409399191485804, -0.6013500255397339, 1.4534595648394983, -2.061948438683981, -1.1356523672686976, -2.2188976446734827]","[-1.471691700629288, -1.3258424076532973, 0.17022848720235417, -0.04882116918865537, -0.038745615032675686, -0.1473636513472724]"
5.480000000000018,END g_bow,"[0.25985586172832614, 0.7026124795289781, 0.12480449569956713, -1.9978838564107857, -1.818370168661913, 0.5602364873519832]","[-2.222088638936178, -0.5508415263942261, 1.3296797911273401, -1.9990736446776332, -1.1242392698871058, -2.2042911688434046]","[0.4489165439059596, 0.3973762901055556, 0.31808742660567324, -0.014594262139219046, 0.01702817575577537, 0.04142933607788041]"
5.504000000000133,START g_to_d,"[0.25985478675533613, 0.7026175921664847, 0.12483714178009275, -1.9978718020802335, -1.8183450372979608, 0.5601673933002987]","[-2.222081963215963, -0.5508808654597779, 1.3296774069415491, -1.9990889034666957, -1.1242035071002405, -2.2042701880084437]","[0.5776027115989204, 0.5050646113711225, 0.0756885008112751, -0.0067906393776820985, 0.024226178601658977, 0.038056448183875]"
7.024000000000115,START d_bow,"[0.3200195905801875, 0.5355906971747784, 0.1441946692686812, -1.6409729390690129, -2.0663938465829625, 1.0406550375299595]","[-2.4323306719409388, -0.7461247009089966, 1.603943173085348, -1.6308218441405238, -1.4173391501056116, -2.7218740622149866]","[0.2970567396159079, 2.253519636689395, -0.18284672334390473, 0.15721791237567986, -0.07729157432305968, -0.4780222419606679]"
8.271999999999935,END d_bow,"[0.3293901347386735, 0.4186208969689863, 0.1589183764889932, -1.628674259713912, -2.0563619202843744, 1.0419072223396248]","[-2.5993831793414515, -0.8944552105716248, 1.8699477354632776, -1.7287022076048792, -1.5278032461749476, -2.8451295534717005]","[-0.35575611489472075, 0.9797546625395545, -0.0021973336854289316, 0.10180993603546648, -0.07570043961868696, -0.3700818023306921]"
8.29600000000005,START d_bow,"[0.32937828330726626, 0.41864247522385434, 0.15892538127355743, -1.6286342759055585, -2.0564157368293494, 1.0419176254138163]","[-2.5993338266955774, -0.8944552701762696, 1.8699162642108362, -1.728675981561178, -1.5278032461749476, -2.8451295534717005]","[0.27042621633535613, 1.6155269507431353, -0.5869882474134644, 0.10067856960262858, -0.051129135730686774, -0.36699837509749583]"
8.920000000000073,END d_bow,"[0.32687490490153776, 0.4498443052766371, 0.15507299457615348, -1.6319098176399311, -2.0593896160533167, 1.041346569729914]","[-2.5506868998156946, -0.8574728530696412, 1.8051741758929651, -1.705477853814596, -1.4951437155352991, -2.809934679661886]","[0.6124163242930806, 0.35018330573171774, 0.008141399591716447, 0.23200774577609734, 0.04259548662572846, -0.18361758634061795]"
8.94399999999996,START d_bow,"[0.32688036609994187, 0.44981826911904066, 0.15505508419957587, -1.6318508992385639, -2.0593105839544843, 1.0414121578366966]","[-2.5507267157184046, -0.85745723665271, 1.8052218596087855, -1.7054535351195277, -1.4951313177691858, -2.80998140970339]","[0.5252508212264217, 0.9739501864895799, -0.49545865226650954, 0.2202947646290917, 0.05143807115607221, -0.17684891320643226]"
9.567999999999984,END d_bow,"[0.32938218297957955, 0.4186261269800067, 0.15895118521072316, -1.6286156238777403, -2.0565184327735198, 1.041837282363384]","[-2.599355999623434, -0.8945128482631226, 1.8699329535113733, -1.728711267510885, -1.5278494993792933, -2.845189634953634]","[-0.6830288903646999, 1.4146924721921956, -0.6137752754391639, 0.1084489784079069, -0.059810396793945814, -0.3404480629177341]"
9.600000000000136,START d_to_g,"[0.3293896437858483, 0.4186406165365303, 0.15896244170001123, -1.6285824432101756, -2.056535236944823, 1.0418026813309476]","[-2.599335495625631, -0.8945080798915406, 1.8698800245868128, -1.728675981561178, -1.5278213659869593, -2.8452089468585413]","[-0.3789662112962128, 1.6225640985703165, -0.7168557119223067, 0.10504361252435351, -0.0538483482152624, -0.3508816266512357]"
11.271999999999935,START g_bow,"[0.1971003295375648, 0.34286743000147374, 0.07270116358877432, -1.895113985245107, -1.9337032227773623, 0.5372482983876679]","[-2.617377821599142, -0.7794526976398011, 2.3233373800860804, -2.6287981472411097, -1.312126938496725, -2.695960585271017]","[-0.1074796289982172, 1.0843919866952247, -0.27699239109532053, 0.15815929999595035, 0.021639436984457503, -0.16314927822224096]"
13.768000000000029,END g_bow,"[0.2812322316443863, 0.681636477695857, 0.10461342483425343, -1.8121731735399818, -1.9403372606069158, 0.49368291907323725]","[-2.25236684480776, -0.4968850177577515, 1.289722744618551, -2.009190698663229, -1.1088627020465296, -2.400585476552145]","[0.027979891090776116, -0.371012646241812, -0.5079297279969125, 0.024276617462596677, 0.019166751272492115, 0.01051008482048353]"
13.792000000000144,START g_to_d,"[0.2812583121271578, 0.6816244697186081, 0.10464348288894262, -1.8122252006710753, -1.9402648780564795, 0.4936241396190903]","[-2.252406899129049, -0.49693770826373296, 1.2897513548480433, -2.0092059574522914, -1.1088388601886194, -2.4005547205554407]","[0.18286846113534996, -0.452950084133376, -0.23841205290825004, 0.02895125596366337, 0.01968773656745152, 0.02468109319800752]"
14.784000000000106,START d_bow,"[0.30281169515131395, 0.7496810041246905, 0.1172480803700554, -1.6637915922220659, -2.084447694961858, 1.038851751781943]","[-2.21531850496401, -0.3670603793910523, 0.8691390196429651, -1.3220275205424805, -1.2871077696429651, -2.5485196749316614]","[1.090018061194876, 0.9576911390601288, -0.2884079838989939, -0.13960624195093962, -0.10748078600831781, -0.15912896549058098]"
16.031999999999925,END d_bow,"[0.3121627179666114, 0.6327122857824321, 0.13191182666241683, -1.6514758974753845, -2.0743879050068044, 1.04007071701144]","[-2.321813170109884, -0.5993942779353638, 1.3263796011554163, -1.5206529063037415, -1.3484628836261194, -2.63576323190798]","[-0.39135058971233616, 1.5926699247925433, 0.2278799033304201, 0.03247157896620706, -0.05023294698056893, -0.22872029073402828]"
16.064000000000078,START d_to_g,"[0.3121358738785096, 0.6327424100438888, 0.1319112655518717, -1.6514034003143547, -2.074461922708237, 1.0401409994083062]","[-2.3217530886279505, -0.5993634623340149, 1.3263075987445276, -1.5205784191242238, -1.3484872023211878, -2.635775152836935]","[-0.6929518939788164, 1.4975965112886382, 0.4909980521989291, 0.02037836305344147, -0.07238348523797575, -0.2292882966177961]"
17.336000000000013,START g_bow,"[0.25161209952187524, 0.5617782647305101, 0.09341017876979912, -1.8419944588312291, -1.9374273037510221, 0.5083765541903523]","[-2.3385682741748255, -0.6563483637622376, 1.717696491871969, -2.2370220623412074, -1.1577132383929651, -2.467907969151632]","[0.06859850432876652, -0.5247246627430564, -1.0321718048166404, 0.08317437341125239, 0.024291382203659253, -0.01925345488180341]"
17.968000000000075,END g_bow,"[0.25960225694464883, 0.5936395346775087, 0.09645703793900992, -1.8342220701926322, -1.9381054235062487, 0.5041487081509651]","[-2.3128019014941614, -0.6205446285060425, 1.6134455839740198, -2.180215974847311, -1.1432173887835901, -2.4472950140582483]","[-0.3409389072080681, -0.5450341988386226, -0.46475451790652766, 0.06714708390496078, 0.019482671628512496, 0.04653021846544318]"
17.991999999999962,START g_bow,"[0.2595956523766409, 0.5936499938885431, 0.09647304854993798, -1.834171314329267, -1.9381075891672201, 0.504066380636398]","[-2.312779251729147, -0.6205529731563111, 1.6134241263019007, -2.180244108239645, -1.1431658903705042, -2.447298590336935]","[0.2631061385457316, 0.09159083410026198, -0.5942804706703826, 0.06709872750745706, 0.03261022736168994, 0.041313330124745334]"
18.615999999999985,END g_bow,"[0.2516495594854434, 0.561741912988861, 0.09338585608431689, -1.842046043855999, -1.9373110525932733, 0.5084409777238411]","[-2.3386557737933558, -0.6563245219043274, 1.7177441755877894, -2.2370172939696253, -1.1576975027667444, -2.4679272810565394]","[-0.7717801876305372, 0.12057899669331298, -0.4673207950028827, -0.02573630090105039, -0.023230833287542784, -0.1845164606337181]"
18.6400000000001,START g_bow,"[0.2516411417188755, 0.5617664685761062, 0.09340907390286299, -1.8420478180130186, -1.9373848056389027, 0.5084147179990345]","[-2.3386195341693323, -0.6563517612269898, 1.7176931540118616, -2.2369781933226527, -1.1577370802508753, -2.4679115454303187]","[-0.4202084914161285, -0.23118387233183327, -0.4544571131815081, -0.025254419786450724, -0.017405576722172224, -0.18424237517152514]"
21.144000000000005,END g_bow,"[0.2216727310541479, 0.44170781289123173, 0.08199562224550146, -1.8709992226195007, -1.9354534083601458, 0.5247106799643058]","[-2.46373159090151, -0.7532888215831299, 2.0697391668902796, -2.4438520870604457, -1.2274521032916468, -2.5701473394977015]","[0.3836920961445527, 1.5238203035770685, -0.7632436172615629, 0.04179848127737752, 0.009568814760026918, -0.22808930682036016]"
21.16800000000012,START g_bow,"[0.2216621250139805, 0.44172036671348014, 0.08201169937522033, -1.87094858063288, -1.9355206311515738, 0.5246430817038346]","[-2.4636922518359583, -0.7533163589290162, 2.0697220007525843, -2.4438606701292933, -1.22744065919985, -2.570162836705343]","[-0.5115077707752046, -0.07066272675131184, 0.25120121943764023, 0.04733341240458981, -0.027971006251153997, -0.25547129255046974]"
22.41599999999994,END g_bow,"[0.19201501446231134, 0.3221143844702165, 0.07084071447616573, -1.9003433771095408, -1.9333317144851938, 0.5395985188194633]","[-2.658436123524801, -0.7766351860812684, 2.3728695551501673, -2.6725341282286585, -1.3347566763507288, -2.7293699423419397]","[-0.44372044205180156, 1.3981503296278808, 0.04628658234096075, 0.12845112116829302, -0.032445177984350336, -0.36653607645944153]"
22.440000000000055,START g_bow,"[0.19201908324341213, 0.32211663857420025, 0.07083235941231503, -1.9003236834199306, -1.9333482084560067, 0.5395494068529845]","[-2.658431355153219, -0.7766005557826539, 2.372845713292257, -2.672572275201315, -1.3347376028644007, -2.7293854395495813]","[0.1341632519194398, 1.9542408278982706, 0.0003289948950202515, 0.12155546393760083, -0.025157843257375957, -0.36163606417650607]"
23.064000000000078,END g_bow,"[0.19993373737904685, 0.35404445116450195, 0.07384682895565389, -1.8924889718714764, -1.9341974313941237, 0.5354004415009151]","[-2.5968497435199183, -0.7799592775157471, 2.296058241521017, -2.606192728082174, -1.3009074370013636, -2.6792078653918665]","[0.7386456517454718, 1.3722290638855041, -0.1347119029774551, 0.11423218816553171, 0.025924704710110144, -0.14127512868781078]"
23.096000000000004,START g_bow,"[0.19993223397073356, 0.35402488442211233, 0.07384181878250909, -1.8925074449957797, -1.934104670742232, 0.5354643046941469]","[-2.596893850957052, -0.7799507540515442, 2.296109739934103, -2.606185575524801, -1.3008912245379847, -2.6792078653918665]","[0.6496748093299469, 1.2218225195992687, -0.2820230118469038, 0.10788398550113502, 0.01922654452514459, -0.1394873266393041]"
23.720000000000027,END g_bow,"[0.19205524459106896, 0.32215399741307305, 0.07093847872958625, -1.900491435105297, -1.933536563370046, 0.5391543091586444]","[-2.658400360737936, -0.7769432824901124, 2.372793976460592, -2.6725412807860316, -1.3347809950457972, -2.7293077150927942]","[0.06626798519256168, 2.284412221001357, 0.09557084740950939, 0.11738581637987017, -0.018409369216185283, -0.34633576608167693]"
23.744000000000142,START g_bow,"[0.19204067274199885, 0.3221618804297111, 0.07093471018289269, -1.900402701639284, -1.9336179704554002, 0.5391814074698391]","[-2.658348623906271, -0.776931182747223, 2.372782293950216, -2.6725250683226527, -1.3347848097430628, -2.7293458620654505]","[-0.4126824469498921, 1.2683143719272632, 0.44435096608833186, 0.13227477026590714, -0.03158309398232833, -0.36001021324572136]"
26.24000000000001,END g_bow,"[0.28122541023021663, 0.6816394975185347, 0.10460741111784704, -1.8121541232836063, -1.9403226021742264, 0.4937293843340657]","[-2.252355400715963, -0.4968763154796143, 1.2897217909442347, -2.0091635189452113, -1.1088436285602015, -2.4005890528308313]","[0.1898283058508503, 0.7615438291253023, -1.2406807797747863, 0.01323630838019383, 0.030586580491522016, 0.049964532383292404]"
26.271999999999935,START g_bow,"[0.28125801745737006, 0.6816270969147065, 0.10466887361971353, -1.8122133052158658, -1.9402683976958455, 0.4935816845442323]","[-2.2524035612689417, -0.4969725173762818, 1.289750878010885, -2.0092021427550257, -1.1088269392596644, -2.4005544821368616]","[0.019971047043859436, 0.024699705484751817, -1.1556737707022124, 0.021236521245048986, 0.0326151490631642, 0.03120722914281978]"
27.519999999999982,END g_bow,"[0.2515218981767447, 0.562029930252442, 0.09330472164065029, -1.8414477396108075, -1.9379327268949555, 0.5091708483027407]","[-2.3381407896624964, -0.6559389990619202, 1.7169488112079065, -2.2361561260619105, -1.1578171888934534, -2.4681316057788294]","[-0.39931894084689373, 0.2986198458287242, -0.5992122914571753, -0.02989929020959292, -0.018490298181384267, -0.18827764995627055]"
27.544000000000096,START g_bow,"[0.25150011860152055, 0.562040367958447, 0.09329753604099188, -1.841454585444422, -1.937933595114732, 0.5092301293258888]","[-2.338104550038473, -0.6559319061091919, 1.7169564406024378, -2.236143728295797, -1.1578205267535608, -2.4680972735034388]","[-0.0341814995760453, 0.38498604763371425, -0.49642201482782217, -0.03481930642814677, -0.013781051578124589, -0.1745475155501808]"
28.16800000000012,END g_bow,"[0.2594928256322137, 0.5939187605717202, 0.0963469959302169, -1.8336545375661026, -1.9387014997374177, 0.5048297051545297]","[-2.312350575123922, -0.6200736922076722, 1.6125877539264124, -2.1793891392149867, -1.1433404127704065, -2.4475348631488245]","[0.1427935311628747, -0.12712345258774274, -0.3451459048963026, 0.06444371919033548, 0.020549215430485518, 0.029495822976920286]"
28.192000000000007,START g_bow,"[0.2594752013911409, 0.5939177652578277, 0.09636406108738257, -1.8336057051762076, -1.9387344233322028, 0.5048615527808205]","[-2.3123279253589075, -0.6201168459704895, 1.6126168409930628, -2.179349561730856, -1.1433370749102991, -2.447562281285421]","[-0.15798354119533342, 0.06720114030222422, -0.4822043791856705, 0.06373722452764281, 0.023456239808381737, 0.03635495794285798]"
28.81600000000003,END g_bow,"[0.251530492075848, 0.5620167149624445, 0.09329098805176958, -1.8414400832611981, -1.9379099965055022, 0.5091911575208676]","[-2.3381646315204065, -0.6559199851802369, 1.7169650236712855, -2.2361632786192835, -1.1578086058246058, -2.4681556860553187]","[-0.8487383377739586, -0.1801330610555664, -0.616633736515224, -0.022185190902100416, -0.020717031565509525, -0.19890484821890989]"
28.847999999999956,START g_bow,"[0.25151712044971536, 0.5620432943239692, 0.09329003926348858, -1.8414431518027605, -1.9379894842942098, 0.5092265871700494]","[-2.338120762501852, -0.6559042495540162, 1.7169049421893519, -2.2361165485777796, -1.1578639189349573, -2.468140188847677]","[-0.7851153025331443, -0.08210049151160217, -0.5880690012347467, -0.025762283893396132, -0.01711525806832164, -0.18201498230935778]"
30.096000000000004,END g_bow,"[0.28127628046044384, 0.6816385231962392, 0.10453843657019513, -1.812175962268821, -1.9402954888470643, 0.493785318538226]","[-2.2524107138263147, -0.49672551572833257, 1.2895997206317347, -2.0091287098326625, -1.1088627020465296, -2.400630060826437]","[-0.1985828816832635, -0.7744118478131329, -0.26991229126273447, 0.023838919116316554, 0.007648627042072106, 0.026066814070393896]"
30.12000000000012,START g_bow,"[0.281259857424928, 0.681631951133276, 0.1045468279322264, -1.8121558134360372, -1.9402327486382593, 0.49380473071446357]","[-2.2523964087115687, -0.4967615169337769, 1.2896674315081995, -2.0091477833189906, -1.1087992827044886, -2.400609556828634]","[0.18377247877956127, 0.07134200982001408, -0.7792375036084428, 0.025521770504408896, 0.02514215052553748, 0.028831519277987227]"
30.744000000000142,END g_bow,"[0.27323264799936664, 0.6497522433288834, 0.10150426881241839, -1.8199089885936364, -1.9395524929533703, 0.49818272377029854]","[-2.2723806540118616, -0.5462083381465455, 1.414696995412008, -2.074184557000631, -1.1203988234149378, -2.4160669485675257]","[-1.407610683337895, -0.7352649505870972, 0.5654306508289781, -0.05073274131371621, -0.03593896210927356, -0.16767420987585757]"
30.76800000000003,START g_bow,"[0.27322701262361276, 0.6497835010574448, 0.10152951544042915, -1.8198714171378743, -1.9396414485231244, 0.49806847528921605]","[-2.2723448912249964, -0.5461999934962769, 1.414593521748678, -2.074184557000631, -1.120415989552633, -2.416071955357687]","[-1.2360067387644251, -0.531306728270551, 0.6592667532498028, -0.05421269050989233, -0.038648278386439784, -0.16237955386111563]"
31.392000000000053,END g_bow,"[0.28120603111140774, 0.6816465267086629, 0.10447972729972166, -1.8120334681385237, -1.9403429367575276, 0.49392656311246635]","[-2.2523205916034144, -0.4966573280147095, 1.2896459738360804, -2.0091425381102503, -1.1088112036334437, -2.4006765524493616]","[0.4414548916426257, 0.8327624386821767, -0.8246454033265698, -0.0033131310989941085, 0.029258716129296897, 0.043575223979462244]"
31.423999999999978,START g_to_d,"[0.28124991881067973, 0.6816355439776114, 0.10452384242340963, -1.8121181820490213, -1.9402129052594, 0.4938915647893213]","[-2.2523797194110315, -0.49672551572833257, 1.2896598021136683, -2.0091082058348597, -1.1087701956378382, -2.400625292454855]","[-0.3485051305126666, -0.6956005263801222, -0.36159294267826747, 0.013296905364340444, 0.005740615345087021, -0.004762669112864034]"
32.42399999999998,START d_bow,"[0.3028335201556577, 0.7495545255057725, 0.11733192889593932, -1.6638454331526038, -2.08438798157488, 1.0386221875107136]","[-2.215432945881979, -0.3674714130214234, 0.8698065916644495, -1.3224082303098221, -1.2870715300189417, -2.54856783548464]","[1.3074429724469134, 2.3675393014983523, -0.5274124945795767, -0.1385903295552377, -0.10738937764029602, -0.1149585516161844]"
33.66399999999999,END d_bow,"[0.3121428987886683, 0.6326569185609416, 0.13194246560083667, -1.6515252727102765, -2.0744247662132205, 1.0400254878192008]","[-2.3218489328967493, -0.5995530647090455, 1.3266199270831507, -1.5207806465080758, -1.3485143820392054, -2.6357596556292933]","[-0.42500515677086664, 2.292730778844992, 0.13702717209823084, 0.024011197899030265, -0.060966574593788306, -0.22552033268915522]"
33.6880000000001,START d_bow,"[0.3121393154079952, 0.63267639739233, 0.13193489977704564, -1.6515056564341755, -2.0744395928911636, 1.040013043036229]","[-2.321825091038839, -0.5995105665973206, 1.3265560309039515, -1.52076871812854, -1.3484986464129847, -2.6357596556292933]","[-0.7619446617269271, 1.6821706990474825, 0.19803266433260786, 0.02445578634560626, -0.06274332016091892, -0.22815791939460073]"
34.312000000000126,END d_bow,"[0.30966898323146963, 0.6638456787537335, 0.12805520319625976, -1.6548181278233767, -2.077233840130128, 1.0395309259766592]","[-2.2909262816058558, -0.545704798107483, 1.2221224943744105, -1.4772796791842957, -1.3301399389850062, -2.610952917729513]","[0.10766432262691039, 0.7915693390736229, 0.1353828960480199, 0.06293985216920751, 0.038140778096221566, -0.019355118448858375]"
34.33600000000001,START d_bow,"[0.30966860743364055, 0.6638401001805215, 0.12806824159835972, -1.6547822471695512, -2.0772537015250334, 1.0395236360166227]","[-2.2909281889544886, -0.5457288783839722, 1.2221358458148401, -1.4772677582553406, -1.3301432768451136, -2.6109841505633753]","[0.29757873813366165, 0.4741408485396359, 0.10211923454217375, 0.06653692535625828, 0.046705410903676886, -0.024503358540003118]"
34.960000000000036,END d_bow,"[0.31217337179459115, 0.6326254063901185, 0.13191347395450062, -1.651552878746499, -2.074251172539446, 1.0401178738797934]","[-2.3219125906573694, -0.599537805919983, 1.3266823927508753, -1.5207532991519948, -1.348464314137594, -2.6357596556292933]","[-0.8009367224232782, 2.071257749965389, 0.24547188884358662, 0.03731692102103598, -0.058722765008809914, -0.221598845825545]"
34.99199999999996,START d_to_g,"[0.3121500732326195, 0.632662454561406, 0.1319260022462014, -1.6515220831685582, -2.0744269993622813, 1.0401224932118676]","[-2.321852509175436, -0.5995139640620728, 1.326576058064596, -1.5207172830453892, -1.3485572973834437, -2.6357560793506067]","[-0.8981293950507065, 1.6574397428174912, 0.2910868662692035, 0.03409023397782504, -0.06763580875196074, -0.23217409169247927]"
36.264000000000124,START g_bow,"[0.2516041808002224, 0.5616916180872481, 0.09340288720688607, -1.8419951664179717, -1.9374084549724535, 0.5083643589120457]","[-2.3386557737933558, -0.6564285320094605, 1.7179473082171839, -2.2371655903258265, -1.1577299276935022, -2.467987362538473]","[-0.22931736946429188, -0.7966205773731443, -1.0945467023368713, 0.07578435239775691, 0.011860410543232336, -0.0303864733737609]"
38.76800000000003,END g_bow,"[0.22169142243387552, 0.44175891923815586, 0.08200333126404842, -1.8709416814723452, -1.935461605633752, 0.5247000785741109]","[-2.4636686483966272, -0.7532612842372437, 2.0695837179767054, -2.4437343082823695, -1.2273977438556116, -2.5701304117785853]","[-1.2801795980963322, -0.5790621530406875, 0.14605791618263553, 0.05223598729461948, -0.037100046548945456, -0.2628288661733103]"
38.791999999999916,START g_to_d,"[0.2216604786246129, 0.4417857397132512, 0.08200848759357932, -1.8708889612922295, -1.935563567849579, 0.5246757302153526]","[-2.463581625615255, -0.7532648605159302, 2.0695584456073206, -2.443749567071432, -1.2274044195758265, -2.5701146761523646]","[-0.5483625919890676, -0.11343954340963168, 0.2390315760805547, 0.043608046892867444, -0.034710426184035525, -0.2664789444799937]"
40.024000000000115,START d_bow,"[0.3216577580837046, 0.5152402794636721, 0.14685007032760172, -1.6392698289629843, -2.0646628903905917, 1.0403104091410054]","[-2.4585469404803675, -0.7740246814540406, 1.6550572554217737, -1.6504527531065882, -1.4341180960284632, -2.741422239934103]","[0.3622470015470929, 1.4382946976490478, 0.7584570671660651, 0.027007387886724965, -0.1537352340305397, -0.5178185264108625]"
41.27999999999997,END d_bow,"[0.3310261651687194, 0.39826576180667705, 0.16152921034272177, -1.626926354600606, -2.054584386251137, 1.0415473235140236]","[-2.6328421274768274, -0.9178886574557801, 1.9099028746234339, -1.74332918743276, -1.55031663576235, -2.869033400212423]","[-0.6312900365621197, 0.8626035839707196, 0.4499698838719478, 0.04767103509124493, -0.11292996667521833, -0.3803595393965271]"
41.30400000000009,START d_to_g,"[0.33103629523941625, 0.3982693861664236, 0.1615357894372753, -1.627004726103155, -2.0546062928624376, 1.041520942298792]","[-2.632852617894308, -0.9178957504085083, 1.9098790327655237, -1.7433487377562464, -1.5503438154803675, -2.868995014821188]","[-1.117979413223427, 1.3305560222960706, 0.24600265972897045, 0.047425088698763856, -0.10814701373089575, -0.3638907503234593]"
43.016000000000076,START g_bow,"[0.19186900876280633, 0.3221338469135782, 0.07076747430260488, -1.8999007027462378, -1.9337961171983005, 0.539924550197771]","[-2.6581371466266077, -0.7764124435237427, 2.3729379812823694, -2.6726542911925257, -1.3348763624774378, -2.7295342127429407]","[-0.04460657870934592, 1.2401202990241382, -0.48757845647173415, 0.1756880156812957, 0.02273493530764426, -0.21471024073588268]"
43.6400000000001,END g_bow,"[0.19974783303997318, 0.3540299211500606, 0.07376546866700744, -1.8921012392759466, -1.9345500693048892, 0.535816245181984]","[-2.596590820943014, -0.7797591251185914, 2.296274248753683, -2.6063572369017542, -1.3010147253619593, -2.6793444792376917]","[0.7090902410605349, 1.1092950951723608, 0.13974635954347592, 0.10427387579160514, 0.020019810453763685, -0.13068812891938097]"
43.66399999999999,START g_bow,"[0.1997452340335779, 0.3540208171318897, 0.07376517907903683, -1.8920746226405585, -1.9345345062621158, 0.5358353671677843]","[-2.5966032187091272, -0.7797591251185914, 2.2962949911700647, -2.606349130670065, -1.3010028044330042, -2.6793699900256556]","[0.4849210983113421, 1.276351929242692, -0.2419460275906989, 0.09471682578156437, 0.02268740035834422, -0.13666220169255405]"
44.28800000000001,END g_bow,"[0.19184573736658062, 0.32212495869547464, 0.07084811658433589, -1.899993324277693, -1.933916101832077, 0.5396316569589693]","[-2.658133570347921, -0.7766640943339844, 2.373061243687765, -2.6727730236449183, -1.334888760243551, -2.7295101324664515]","[-0.6480721719088983, 1.2773821789423667, 0.470523850902567, 0.10794993782665965, -0.037898381915291414, -0.3669514390464309]"
44.312000000000126,START g_bow,"[0.1918453982927391, 0.3221313393483013, 0.07084686319468239, -1.8999641588628984, -1.9339516872370677, 0.5396353394153249]","[-2.6581128279315394, -0.7766605776599427, 2.3730409781085413, -2.6727572880186976, -1.3348925749408167, -2.7295220533954065]","[-0.49509553068736434, 0.8254106751769709, 0.6241511077875178, 0.11583525252702823, -0.04059479002985742, -0.3622416347551768]"
45.559999999999945,END g_bow,"[0.22153229538785074, 0.4417854019878191, 0.08217907669596138, -1.8705961973973106, -1.9365063623176162, 0.5239598755170132]","[-2.46338135400881, -0.7536959213069458, 2.069723908101217, -2.444094797173971, -1.2276838461505335, -2.5703824202166956]","[0.48335584320324915, -0.28508045621248684, -0.4767595618975681, 0.12273550287279929, 0.03132766202908933, -0.01702749641706193]"
45.5920000000001,START g_bow,"[0.22153698510827885, 0.4417464026394944, 0.08217049121534137, -1.8706610621068633, -1.9363779151616147, 0.5240855174662219]","[-2.463456455861227, -0.7537115973285218, 2.0698264280902308, -2.4440719089903773, -1.2276876608477991, -2.5703755060779017]","[0.5361484203379162, 0.5059888517119187, -0.7011186885800382, 0.11406314895368283, 0.03529282525596276, -0.015164232424820609]"
46.21600000000012,END g_bow,"[0.21364574311282075, 0.40982541016533036, 0.07907452397692916, -1.8785603037412615, -1.9354207356908983, 0.5285325853075961]","[-2.5067878405200403, -0.7682652634433289, 2.1548550764666956, -2.5006724796690882, -1.2514198462115687, -2.6057196299182337]","[0.036950291336373724, 2.2015377112969707, -0.11973270698473563, 0.01393536848497462, -0.0024846176724701405, -0.2350812054466481]"
46.24000000000001,START g_bow,"[0.21361801173897724, 0.40984475267561143, 0.07907996820075228, -1.8785086291995208, -1.9354696475488204, 0.5285533417836239]","[-2.5067127386676233, -0.7682770055583497, 2.15485126176943, -2.5006572208800257, -1.251404110585348, -2.6057010332690638]","[-1.148972054832544, 0.19951617417101158, 0.7982052569400998, 0.02770857410142731, -0.042933221677183026, -0.25590922723914533]"
46.86400000000003,END g_bow,"[0.2215289176037889, 0.4417657571558239, 0.08215641425244877, -1.8706704066263018, -1.9363262200027, 0.5241672668517727]","[-2.4634178320514124, -0.7536719602397461, 2.0697954336749476, -2.4440318546690882, -1.2276600042926233, -2.570320431386129]","[0.16367327817450814, -0.19648132022168746, -0.43487526608687926, 0.11406740553452047, 0.02738060823534466, -0.022185623998916888]"
46.88799999999992,START g_bow,"[0.2215479233982604, 0.44173967955555793, 0.08214554133687885, -1.870683198902858, -1.9362904306971194, 0.5242194408415453]","[-2.4634843508349817, -0.7536600393107911, 2.069822613392965, -2.444012304345602, -1.227682892476217, -2.570366923009054]","[0.2659586307672117, -0.04270792081452982, -0.5346862328024384, 0.11128447564415328, 0.030480286134570482, -0.023309976292658165]"
49.39200000000005,END g_bow,"[0.19161763980079105, 0.3206750268547053, 0.07062550728654443, -1.900439099564643, -1.9337981518181837, 0.539754979746187]","[-2.661311928425924, -0.7760254901698609, 2.376184050236837, -2.6759349308409632, -1.3365829626666468, -2.732027594243185]","[0.7130879870824346, 1.4991304903851137, -0.06423390354376624, 0.16197752135042043, 0.0240466178285658, -0.14438619036010522]"
49.41599999999994,START g_to_d,"[0.19161311949611892, 0.32065273038133707, 0.07061314827317033, -1.9004627619583225, -1.933635730084093, 0.5398964712282579]","[-2.661370102559225, -0.7759894889644166, 2.3762460390674036, -2.6758982143797816, -1.336560074483053, -2.732011858616964]","[0.3257033248775475, 1.2393876996689328, -0.2984498126411841, 0.16095211274250232, 0.024648288121981343, -0.13757121875300596]"
50.855999999999995,START d_bow,"[0.3311372620504441, 0.39686140465207376, 0.16176753071455025, -1.627215319159099, -2.0547079202076777, 1.0407180181531759]","[-2.635209862385885, -0.9196048539927979, 1.9126423040973108, -1.7448779545226039, -1.5517600218402308, -2.8706517855273646]","[0.23254703110229294, 2.043034952458693, -0.7047102950174899, -0.07797332537857074, -0.12762443468299786, -0.46732679181387515]"
52.10400000000004,END d_bow,"[0.3217457048167877, 0.5138500086320053, 0.14708762186016927, -1.639404470458827, -2.064876901871303, 1.039592426460191]","[-2.460360352193014, -0.7760170263103028, 1.658551041279928, -1.6522942982115687, -1.435286823903219, -2.7427287737475794]","[0.4246789792308412, 0.8549288382527677, -0.10852585984957341, 0.18354275984096585, 0.04790399821344054, -0.14412378880361962]"
52.12799999999993,START d_to_g,"[0.3217432634252234, 0.5138426793754763, 0.14710387484290174, -1.6394229729414176, -2.064868522183404, 1.039591049271467]","[-2.4603686968432825, -0.7760601204684754, 1.6585796515094202, -1.6522828541197718, -1.4352906386004847, -2.742720429097311]","[0.09133061820341884, 1.1700895023120808, -0.04215051987447077, 0.18233265260639542, 0.04536944918572954, -0.1332320937193301]"
53.624000000000024,START g_bow,"[0.2213824024952504, 0.44026322253697125, 0.0819244649254063, -1.8713968386041326, -1.9354353762308922, 0.5248985390569993]","[-2.4656720797168177, -0.7542214554599305, 2.073584858571188, -2.446141382256979, -1.2285411993609827, -2.571720902119772]","[-0.6351892454997152, -0.00043497426092865485, -0.747656464798647, 0.10162600550990805, 0.026452322277601976, -0.072606880639123]"
54.24800000000005,END g_bow,"[0.21342189201374195, 0.408350908515479, 0.0788112264498731, -1.8792503780451608, -1.9345458562087907, 0.5293327921156747]","[-2.5091496149646204, -0.7684841913035889, 2.158529583607809, -2.502967973748678, -1.252411190663473, -2.607215229664938]","[-0.3105927063878062, 1.9857182898074346, 0.006384491846917306, 0.01514318327288365, -0.006016377374435944, -0.24987444939771047]"
54.271999999999935,START g_bow,"[0.21341571346659052, 0.4083599013129502, 0.07881883238746368, -1.8791855668909518, -1.9346112172384158, 0.5293046218958162]","[-2.5091174284564417, -0.7684962314418335, 2.1585081259356897, -2.502953191796774, -1.252404514943258, -2.6072498003589075]","[-0.9871658038510106, 0.3559559184850791, 0.7516419387470582, 0.027787537657310873, -0.0344446759709351, -0.27304465537374223]"
54.89599999999996,END g_bow,"[0.22135689951359766, 0.44027849782864065, 0.08190232090333467, -1.8713635906829666, -1.9354472633393565, 0.5248629611979162]","[-2.465611998234884, -0.754154698257782, 2.073573414479391, -2.4462315044798792, -1.2284968535052698, -2.571688477193014]","[0.34818846326349534, 0.2414617790884164, -0.46581539271453604, 0.11095956380168079, 0.027075517981004223, -0.020288215165906252]"
54.92000000000007,START g_bow,"[0.2213463761444682, 0.4402655057682716, 0.0818926570258261, -1.871399008087189, -1.9354265962099906, 0.5249512079602905]","[-2.465623919163839, -0.7541546386531373, 2.0736244360553187, -2.446226736108297, -1.2285307089435022, -2.5716729799853724]","[-0.41462666778686097, -0.45956080677038447, -0.48543278625768266, 0.11392301197404253, 0.019669349107254624, -0.030682572417412634]"
56.17599999999993,END g_bow,"[0.19168543082884246, 0.3206602313262413, 0.07070951295986194, -1.900820066045629, -1.9331816925867136, 0.5399274296031433]","[-2.6615100542651575, -0.7763200563243409, 2.3762717882739466, -2.675553937951559, -1.3364747206317347, -2.7317567507373255]","[0.2651970678940039, 2.5781984502758895, 0.13990666414201866, 0.09112718427186925, -0.01664718525667725, -0.35709800217596266]"
56.200000000000045,START g_to_c,"[0.1916730083594303, 0.32066737042189086, 0.0707112341520737, -1.900740099656729, -1.933298586200004, 0.539934274314316]","[-2.661462370549337, -0.776328520183899, 2.3762598673449915, -2.675542017022604, -1.3365023771869105, -2.7318034807788294]","[-0.16931619683079796, 2.1065800693620336, 0.4678965884510336, 0.0979659873504593, -0.02992422643094133, -0.35645559370943025]"
57.70399999999995,START c_bow,"[0.12372237183504149, 0.36588227097648335, -0.049592773245483335, -1.8004283208728729, -1.6247910859902714, 0.17631798207312432]","[-2.439251963292257, -0.26178212583575444, 2.187578026448385, -3.3066426716246546, -0.8697369734393519, -2.4000731150256556]","[1.3823948604809606, 1.9350199877601737, -0.18569437556219653, 0.23334651265532008, 0.08108220232846065, -0.29377599346923533]"
58.327999999999975,END c_bow,"[0.13549212820228923, 0.3874560311997456, -0.03967767461236199, -1.795399398367478, -1.616002281265175, 0.1750357738277497]","[-2.4156816641436976, -0.30400104940448003, 2.147769276295797, -3.245152612725729, -0.8552454153644007, -2.3677356878863733]","[0.8767543176809169, 1.3472851787223812, 0.25918627408945627, 0.21338765556262332, 0.025842185967141367, -0.1443844892999382]"
58.35200000000009,START c_bow,"[0.13547384623351638, 0.38744386037758294, -0.039687913664019026, -1.7953749801798178, -1.6160276497670971, 0.17510778402240407]","[-2.4156697432147425, -0.30397363126788335, 2.1478007475482386, -3.245140691796774, -0.8552520910846155, -2.3677788416491907]","[0.7373293908155206, 0.9991289718676852, 0.1646079259438099, 0.2195693868251179, 0.022358361321861163, -0.16088934887512912]"
58.97600000000011,END c_bow,"[0.12372685385272231, 0.36589867537127346, -0.04958387844622117, -1.8003660958591654, -1.6248845267248158, 0.17619240212569479]","[-2.439220968876974, -0.2618181270411988, 2.1875298658954065, -3.306666513482565, -0.8697403112994593, -2.4000936190234583]","[0.4960315653634346, 1.4412817791930788, 0.756538259698336, 0.16518832186557122, 0.09063659578598432, -0.4450144426670481]"
59.00800000000004,START c_to_g,"[0.12374555620596511, 0.3659074132687878, -0.04956659198123481, -1.8003852586256635, -1.6249112618366999, 0.1761991095272998]","[-2.439240042363302, -0.261893705730774, 2.187533203755514, -3.306575914422506, -0.8697765509234827, -2.400121275578634]","[0.8878846718038633, 2.019836545959552, 0.7211137703547222, 0.15707394084216733, 0.10201316401872088, -0.436121715846858]"
60.27999999999997,START g_bow,"[0.19170375132496978, 0.32077943713456025, 0.07069147432899353, -1.9008842046519867, -1.934081041770096, 0.5405478740962326]","[-2.661250416432516, -0.7764292520335694, 2.3759306112872522, -2.675077577630514, -1.3372867743121546, -2.7317243258105677]","[0.15077359725970388, 2.3982711514564925, 0.4764313245270284, 0.09788781389578705, -0.02342697679647223, -0.3672376675267783]"
61.52800000000002,END g_bow,"[0.2213732231932906, 0.4404243904553366, 0.08203839208385985, -1.871511134255826, -1.9365828759139456, 0.5249515123660117]","[-2.46542197862734, -0.7545138758471985, 2.0731900374041956, -2.44572176555776, -1.229396168385641, -2.571756903325216]","[0.13838341104158502, -0.10837641782788537, -0.3695564226035176, 0.12380170686416811, 0.02556675317492308, -0.019349283184154215]"
61.552000000000135,START g_bow,"[0.22137913075431345, 0.4403990056068551, 0.08203004243369023, -1.8715472829994464, -1.9364865743429844, 0.5249994654131903]","[-2.465473715459005, -0.7545102399638672, 2.073250118886129, -2.4457322559752406, -1.2293770948993128, -2.5717535654651087]","[-0.01901997061076066, 0.09556691174181027, -0.5525790187551038, 0.12538973058744035, 0.033509038911689264, -0.01379454140534489]"
62.17599999999993,END g_bow,"[0.21346241473291436, 0.40845348292251704, 0.07892489223438962, -1.879449822425739, -1.9355237048605805, 0.5295471719658975]","[-2.509045426045553, -0.7688601177981873, 2.158236805592672, -2.5024448833861292, -1.2532838026629847, -2.607278887425558]","[-0.1274494712639418, 1.970367015069004, -0.06757036481895679, 0.008176350560292006, -0.005995721927981452, -0.24596512736790363]"
62.208000000000084,START g_bow,"[0.213442089145094, 0.4084940212858988, 0.07894814154915061, -1.8793378122154347, -1.9356258472511347, 0.529479668452774]","[-2.5089340845691126, -0.7688948673060914, 2.1581690947162073, -2.5024014912047328, -1.2532332579242151, -2.6072822252856653]","[-0.513315417497903, 0.9676517907379435, 0.3899141927659724, 0.020764892808638996, -0.012219497144919399, -0.25860959991376653]"
62.83200000000011,END g_bow,"[0.22137459896442813, 0.440392210480622, 0.08201999588975264, -1.8715895118535957, -1.9364648277883922, 0.5251110901766156]","[-2.4654844442950647, -0.7545066636851807, 2.073277775441305, -2.4456941090025843, -1.229420010243551, -2.571733061467306]","[0.17707022168214026, 0.108539733258117, -0.51767853831476, 0.11506639383752136, 0.031882809263593756, -0.012593559664242367]"
62.855999999999995,START g_bow,"[0.22136436983460087, 0.44038714175224214, 0.08201935501969318, -1.871570656990621, -1.936482949259906, 0.5251074322507708]","[-2.4654772917376917, -0.7545102399638672, 2.073301617299215, -2.4457160435118617, -1.229420010243551, -2.571744982396261]","[0.23842721438491982, 0.437027760171799, -0.7234898605665003, 0.1049327652279187, 0.032240270341298886, -0.01812141433024205]"
65.35200000000009,END g_bow,"[0.19197581579220208, 0.322176372935004, 0.07075987403528326, -1.9000853291193838, -1.9337799383050178, 0.5396680996879379]","[-2.6581929365741175, -0.7763800185969849, 2.3726778666125696, -2.672636171380514, -1.3348754088031214, -2.7294586340533655]","[0.41960774374048576, 1.024687872815415, -0.39414258303757577, 0.17326035916505045, 0.02403362218022411, -0.13242590018849565]"
65.38400000000001,START g_to_d,"[0.19199411411220552, 0.32215212485041506, 0.07075332807160833, -1.9001042816340799, -1.9336458271839077, 0.5397689980678074]","[-2.658280674611227, -0.7763645213893433, 2.372702662144796, -2.672566076318258, -1.3348682562457483, -2.729482714329855]","[0.8747120935458705, 0.932515395375534, -0.13390710452537324, 0.17124303692283088, 0.024450895335203553, -0.1385552297209278]"
66.81600000000003,START d_bow,"[0.33102950948155985, 0.3982761421957851, 0.16156804422531476, -1.6268653861880207, -2.054834405659315, 1.0415795212158376]","[-2.632817093526022, -0.9179485005191346, 1.9098389784442347, -1.7432805500426234, -1.5504844824420374, -2.86908990541567]","[0.28726533360473167, 2.1426023840389, -0.48923159754996554, -0.07810143849962672, -0.13550725214275344, -0.4755508678889252]"
68.06400000000008,END d_bow,"[0.3216413210669248, 0.5152652928132346, 0.14691572502073305, -1.6390484983871385, -2.0650531935029006, 1.0403874177022086]","[-2.4584787527667444, -0.7741001409343262, 1.6549461523639124, -1.650297304193014, -1.4343493620501917, -2.7415695826159876]","[0.33496808307149045, 0.48076670026497614, 0.1548706766067337, 0.18807619599147898, 0.039067708415992455, -0.1484967901875319]"
68.08799999999997,START d_to_g,"[0.32164380273006027, 0.5152590177752584, 0.14691955355422917, -1.6390848146795933, -2.0650337389454227, 1.040360215627178]","[-2.458491865788595, -0.7741157573512574, 1.654966179524557, -1.6503201923766078, -1.434340778981344, -2.741554085408346]","[0.06803270277348086, 0.6340645366093549, 0.30200449693593834, 0.19087649149551253, 0.036029359045951684, -0.14747414204859774]"
69.57600000000002,START g_bow,"[0.22173087584094547, 0.44165991037639235, 0.0820352494662667, -1.8714391519761524, -1.935211764870661, 0.5237592464481483]","[-2.4639228026019495, -0.7533284586719056, 2.0698612372027796, -2.444625516931051, -1.2273004690753382, -2.56988770166506]","[0.14922462159376448, 0.7214627829033656, -0.986021667990311, 0.10378641875130422, 0.029841308855794856, -0.0481541250027963]"
70.20800000000008,END g_bow,"[0.21380892467975574, 0.4097195822543221, 0.07893856218139944, -1.8792520242416317, -1.9342470050337615, 0.5282296817655571]","[-2.5072670618640345, -0.7678579849055787, 2.154945675526754, -2.5012394390501917, -1.2509940306292933, -2.6053126494037073]","[-0.5967026058549428, 1.2110023913868222, 0.44763668937355133, 0.006484790872243185, -0.02264815101969889, -0.26592956831484016]"
70.23199999999997,START g_bow,"[0.21380034294723455, 0.40973987150953206, 0.07895629342357147, -1.8792369657067893, -1.9343016992719149, 0.5282020375741133]","[-2.507218662892477, -0.76789744318042, 2.154918972645895, -2.5012113056578578, -1.2509978453265589, -2.6052933374988]","[-1.2970513482069623, 0.009843805532126815, 0.8909647357552252, 0.02611602729624693, -0.03769443247588116, -0.262890990209425]"
70.856,END g_bow,"[0.2217064823150068, 0.441642104841424, 0.08200708647653923, -1.8713781440667547, -1.9351674591649763, 0.5239327855807427]","[-2.463914219533102, -0.7532851856997986, 2.0699241797076624, -2.4445892773070277, -1.22728139558901, -2.569918934498922]","[0.24732837779733427, 0.26115272186113414, -0.5720415077768131, 0.10243935641649698, 0.03184165144135595, -0.01632541421131159]"
70.88000000000011,START g_bow,"[0.221720317872595, 0.44163075330554175, 0.08200231480835227, -1.8714171522999805, -1.935129921036627, 0.5239555253554719]","[-2.463954035435812, -0.7532805365375062, 2.0699341932879847, -2.4445821247496546, -1.2272966543780726, -2.569918934498922]","[0.19321556817501787, 0.5851287272943138, -0.6005328255322292, 0.09900088033179108, 0.03421064742369914, -0.02128056593308176]"
72.12799999999993,END g_bow,"[0.192048099583646, 0.32202706321266555, 0.07082390286737421, -1.900747818722853, -1.9329708633714437, 0.5389075157847291]","[-2.65873891512026, -0.7764998239329834, 2.3730457464801233, -2.6732493839659632, -1.334553066884176, -2.729273859654562]","[-0.36669495794083756, 1.82731649951043, 0.0008618238110685295, 0.10076434580247215, -0.018111403615032832, -0.34798608121813046]"
72.16000000000008,START g_to_c,"[0.19206514312331774, 0.32203976631022774, 0.07082647526363628, -1.9007163119764148, -1.9330241695174386, 0.5389041862321143]","[-2.6587236563311976, -0.7765118640712281, 2.3729823271380823, -2.6731821499266566, -1.3345683256732386, -2.729297939931051]","[0.1114238815832895, 2.356424753489802, 0.2335114559420931, 0.0947866667910878, -0.02052292107421251, -0.3361903636555758]"
73.66399999999999,START c_bow,"[0.12426202951174387, 0.36685122904987966, -0.049146372825188966, -1.8003274555322977, -1.624581551924373, 0.1765337796905747]","[-2.4381731192218226, -0.2639104884913941, 2.185924832020895, -3.303545137444967, -0.8693221251117151, -2.3987138907061976]","[0.9247613031110571, 1.2049709018371506, -0.06717687013958482, 0.21452009639413394, 0.07961107981544635, -0.30167157465581873]"
74.28800000000001,END c_bow,"[0.1360012131452205, 0.3883739082199247, -0.03925395754510727, -1.7953071390548463, -1.6157305690572075, 0.17531688354912786]","[-2.4147756735431116, -0.30576034009967046, 2.1460655371295374, -3.242211004296774, -0.8548463026629847, -2.366556469594137]","[0.43849089372769584, 1.0320770184395194, 0.3380736394929781, 0.21010688910229905, 0.016751862933626606, -0.16119999924162529]"
74.31200000000013,START c_bow,"[0.1359960073084328, 0.38837642986405907, -0.03926348505424995, -1.7952731755834048, -1.6157360758744184, 0.17530365195568345]","[-2.4147570768939417, -0.30572934568438725, 2.1460397879229944, -3.2422319851317347, -0.8548224608050745, -2.366556469594137]","[1.3280680081967602, 1.846118806108176, 0.41069568659915073, 0.203592064055768, 0.02853835149655623, -0.1392149155564643]"
74.93599999999992,END c_bow,"[0.12428055838539967, 0.36682884413973477, -0.04914021034304192, -1.8003084490904309, -1.6244621120319802, 0.17638935533716632]","[-2.438244644795553, -0.2638828319362183, 2.1859410444842737, -3.3036724529662074, -0.8692196051227015, -2.398703161870138]","[1.3503101693581527, 2.38256205899519, 0.6423827181256765, 0.15196739233279266, 0.10933007108037547, -0.4115471182613939]"
74.96000000000004,START c_to_g,"[0.12426408084370744, 0.36683173307273115, -0.04914816327149557, -1.8002568541969655, -1.6245625905763266, 0.1763718733571127]","[-2.4382055441485804, -0.2638673347285767, 2.185924832020895, -3.3036886654295863, -0.8692472616778772, -2.3987448851214808]","[1.053321804626372, 2.3563619678299266, 0.7697593394874025, 0.14724506757695321, 0.10544597697956096, -0.41451025791121066]"
76.23199999999997,START g_bow,"[0.192044717934792, 0.3221221653740382, 0.07081951381628544, -1.9004750491185536, -1.933843394122995, 0.5399907054800855]","[-2.65846831003298, -0.7766808432391663, 2.3727617899524134, -2.6723410091795863, -1.335365120564596, -2.7294469515429896]","[0.3205045868269655, 2.9853772899948727, 0.2924930848985049, 0.08024377312753395, -0.012931778785360134, -0.34738844413404735]"
77.48000000000002,END g_bow,"[0.2217353096594165, 0.4417628605919648, 0.08216093305002159, -1.8711249572788538, -1.9363591502778152, 0.524350226245245]","[-2.463736359273092, -0.7536959213069458, 2.069519344960348, -2.443656106988424, -1.228114430104391, -2.570322338734762]","[0.08896367939152477, -0.05142576371447832, -0.5325261137243028, 0.11861434299959628, 0.026759544506535823, -0.018489049195817092]"
77.51199999999994,START g_bow,"[0.22174811752791188, 0.44173173990196873, 0.08215426661290272, -1.8711799870842716, -1.9362794856370846, 0.524420309251675]","[-2.4638078848468226, -0.753704385166504, 2.069583241139547, -2.4436456165709437, -1.2281330267535608, -2.5703309218036097]","[0.37371533191981204, 0.387035538511093, -0.8081156802772818, 0.11678581836904324, 0.03364090269335617, -0.0114895682143955]"
78.13599999999997,END g_bow,"[0.21383517678395636, 0.4098300971765171, 0.07906520890124209, -1.8789823548360784, -1.9353649685524632, 0.5288382034536636]","[-2.5070768038379114, -0.768272416000702, 2.154583756123678, -2.500238081017965, -1.2518189589129847, -2.605687204991476]","[-0.8262095951729402, 0.36400374599108404, 1.0264260602999558, -0.0003558504035659632, -0.05360528613446374, -0.2656272888867662]"
78.16000000000008,START g_bow,"[0.2138181738441814, 0.4098363043408472, 0.07907405362198938, -1.8790032538579855, -1.935385719768976, 0.5288910391198981]","[-2.507047478352682, -0.7683081191829224, 2.15460712114443, -2.5002104244627894, -1.2518494764911097, -2.6056528727160853]","[-0.42838323317084914, 0.8229977767539672, 0.2955991418945251, 0.014459534869443236, -0.02008144109719338, -0.2451939232217754]"
78.7840000000001,END g_bow,"[0.2217354747613825, 0.44175724649576, 0.08214205527171686, -1.8711734490574652, -1.9362768948201148, 0.5245315151272945]","[-2.463752333317892, -0.7536719602397461, 2.0695393721209925, -2.443573614160055, -1.2281363646136683, -2.5702877680407923]","[-0.029988544189808397, 0.3264594909998547, -0.5823406858028448, 0.10346485235884079, 0.02600079274592411, -0.008805069203626066]"
78.80799999999999,START g_bow,"[0.22174961451361844, 0.44174391495133974, 0.08213898896699022, -1.8711818089853849, -1.9361774814833628, 0.5245115476321522]","[-2.4637916723834437, -0.7536600393107911, 2.0695560614215296, -2.443589826623434, -1.22807485262026, -2.5702877680407923]","[-0.09914549747737414, -0.20747804908260759, -0.5756796882142762, 0.11230988081543447, 0.025194480116011695, -0.0242061697047493]"
81.31200000000013,END g_bow,"[0.19164322593663732, 0.32077181824669243, 0.07064326564990944, -1.9004522974819353, -1.9337079808735593, 0.5397926798960405]","[-2.6611223856555384, -0.7760806244662781, 2.3759751955615442, -2.675666948358053, -1.336447540913717, -2.7318201700793665]","[0.23467397403043166, 1.2874898544246902, 0.37047509956639324, 0.1749482790525482, 0.0160526976938479, -0.1335529040257621]"
81.33600000000001,START g_bow,"[0.19166623936881658, 0.3207677430643261, 0.07064249172783953, -1.9005273138245424, -1.933613010211672, 0.5397384868435671]","[-2.661173407231466, -0.77607216060672, 2.3759589830981653, -2.675682683984274, -1.3364160696612757, -2.7317877451526087]","[0.7875244901370186, 1.47230100492162, 0.015376661603329012, 0.16105320900654915, 0.030028167597380945, -0.1375749882327795]"
82.58400000000006,END g_bow,"[0.2212999921341649, 0.44041710638534903, 0.08197532311306374, -1.871096772848817, -1.9362250076467427, 0.5242267980920089]","[-2.465287510548727, -0.7542192500880738, 2.073261562977926, -2.446433206597799, -1.228631321583883, -2.571772638951437]","[0.49272915130190376, 0.5119710613087026, -0.3985291184198178, 0.11865451206757821, 0.03461038631557661, -0.001821158870062324]"
82.60799999999995,START g_bow,"[0.22132031688687132, 0.4403960677502625, 0.08196184875605339, -1.8712131989870926, -1.9360430636839179, 0.5243499627042929]","[-2.465360466633932, -0.7542071503451844, 2.0733068625079554, -2.4463912449278773, -1.228619400654928, -2.571710173283712]","[0.05112148822421478, -0.0014939855931226055, -0.5219834826427755, 0.12685168322154608, 0.02971491105233061, -0.0027018368519922398]"
83.23199999999997,END g_bow,"[0.2133718998356651, 0.40846599104711273, 0.07887369845426065, -1.8789082808349697, -1.935172483015077, 0.52879840011824]","[-2.5088351408587855, -0.7685524982265015, 2.158278290425436, -2.5031000576415003, -1.252404514943258, -2.6073322931872767]","[-1.2753475824890164, 0.2326629077829131, 0.9213816643760431, -0.00424246166581084, -0.05334885865250211, -0.2579807321847818]"
83.26400000000012,START g_bow,"[0.2133482751250762, 0.4084888064532873, 0.0788734013365544, -1.8788942701224856, -1.9353027925944923, 0.5287901274628504]","[-2.508763138447897, -0.7685524982265015, 2.158253018056051, -2.5031219921507777, -1.2524626890765589, -2.6073132197009485]","[-1.4510728271565645, -0.049775073765651164, 1.2208835914835283, 0.002582671205401968, -0.05776551079425824, -0.2538372035322596]"
83.88799999999992,END g_bow,"[0.22128421056953268, 0.44040905169376543, 0.08197045650856857, -1.8710805049648729, -1.936148415573636, 0.5243076650176732]","[-2.465278927479879, -0.7542192500880738, 2.073311154042379, -2.4464127025999964, -1.2285836378680628, -2.571756903325216]","[-0.19541886490593804, -0.11864446884054716, -0.3937598951680694, 0.1083182656768698, 0.02067932554553694, -0.009007333616503237]"
83.91200000000003,START g_bow,"[0.22129320785118828, 0.4403947816092044, 0.08196519272544002, -1.8711565844936082, -1.936080982380029, 0.5243623571973853]","[-2.4653218428241175, -0.7542228263667603, 2.07334548631777, -2.4464060268797816, -1.2286060492144983, -2.571725908909933]","[0.11216024887541212, -0.06908907641888276, -0.6054445425620603, 0.1043315293496245, 0.030204105299077733, -0.028182853108549892]"
85.16000000000008,END g_bow,"[0.19161944297364886, 0.32077557828720543, 0.07079137215924336, -1.900493515537261, -1.9338739774571356, 0.5393386238658767]","[-2.6610754171954554, -0.7765394610217591, 2.376115624104635, -2.6756936512389125, -1.3363826910602015, -2.731811825429098]","[-0.20493857748454997, 2.123825962875537, 0.33087032234989955, 0.08643682215524551, -0.02417410861924365, -0.34562240870535516]"
85.18399999999997,START g_bow,"[0.19162043514037574, 0.32078281018813476, 0.07078091898022429, -1.900476526102189, -1.933848397626832, 0.5393773605956839]","[-2.6610587278949183, -0.776504711513855, 2.376091782246725, -2.6756707630553187, -1.3363636175738733, -2.731799904500143]","[-0.4327272059605287, 1.5075427862562227, 0.5505996876116499, 0.09122551337109908, -0.037195566402236716, -0.3553116306789479]"
85.80799999999999,END g_bow,"[0.19954089030723376, 0.3526931080894084, 0.07380781431258308, -1.8926456682378885, -1.934667484742588, 0.5351822154845111]","[-2.5991762320147913, -0.780238465671875, 2.2994588057147425, -2.609061380425924, -1.3023393789874476, -2.6813679377185267]","[0.6155431886631563, 1.727198317098301, -0.583693771300366, 0.08934616715606172, 0.0239212252612803, -0.12023734657337624]"
85.83999999999992,START g_bow,"[0.1995392170764984, 0.35267212535351805, 0.07378873080593773, -1.8926825569113988, -1.9345437688006337, 0.5353269838778254]","[-2.5992279688464563, -0.7801953119090577, 2.29950982729067, -2.609035154382223, -1.302342716847555, -2.681352440510885]","[0.8551930025359072, 1.6209817576651553, -0.6601911142804642, 0.08473658897436646, 0.02841110076043687, -0.1227466489386225]"
86.46399999999994,END g_bow,"[0.19166926687016542, 0.3207787966819959, 0.07090062699715505, -1.900593759306687, -1.9340350622110476, 0.5389549242941707]","[-2.661130730305807, -0.7768917840770264, 2.3761003653155726, -2.6756297550597132, -1.336418930684225, -2.731851402913229]","[0.20699096099985487, 2.5062374650725996, 0.015226291695143432, 0.07857911092633713, -0.011708525280795131, -0.3309294495415261]"
86.48800000000006,START g_to_d,"[0.19166663871285322, 0.3207869913898559, 0.07090435646579427, -1.9005789739263055, -1.934021655604763, 0.5389764799996557]","[-2.661106888447897, -0.7769037050059815, 2.376091782246725, -2.675591608087057, -1.3363993803607386, -2.731835667287008]","[0.047194085511812034, 2.717087597779251, 0.17630036045989003, 0.07707676619546744, -0.020755667025548957, -0.3314723005913373]"
87.92000000000007,START d_bow,"[0.3311206965504534, 0.39707981170359474, 0.1617266904407909, -1.6264478273004703, -2.0549018300853192, 1.0419730155864981]","[-2.6347978750811976, -0.919304685001709, 1.9120758215533655, -1.7438317737975062, -1.5520957151996058, -2.870655361806051]","[0.01138189675757955, 1.776631478400285, -0.8609500021000416, -0.08361768170827749, -0.13234349267312087, -0.4873903810313409]"
89.17599999999993,END d_bow,"[0.3217327544744952, 0.5140687989886538, 0.14706832973953876, -1.6387424083026303, -2.065085802917204, 1.0406376043515984]","[-2.4600375334369105, -0.7756971281817933, 1.6578367392169397, -1.6512218914427699, -1.435526196156637, -2.742852274571554]","[-0.008787272775532623, 0.7889417468981667, -0.0048348985742460715, 0.19093457336252687, 0.04240547503186366, -0.1430869745465893]"
89.20000000000005,START d_bow,"[0.3217516009035347, 0.5140497032726499, 0.1470680134837863, -1.6387930656539522, -2.0650226702252956, 1.040646727934719]","[-2.460085693989889, -0.7757089895061036, 1.65786058107485, -1.6512185535826625, -1.4355295340167444, -2.742840353642599]","[-0.015332793227451125, 1.245062514577249, -0.1888768071115831, 0.18056702866501087, 0.040155065113816626, -0.1420798739000963]"
89.82400000000007,END d_bow,"[0.32420537960470625, 0.4828539978424365, 0.15092747699990394, -1.6354949825579117, -2.0621189702775724, 1.0412770487940632]","[-2.5025530497180384, -0.8164065641215821, 1.731966797505514, -1.678620000878805, -1.4632623831378382, -2.7744250933276575]","[-0.45119272956794854, 2.5220177990768917, -0.08591800933282873, 0.06680775355048155, -0.0854365635473546, -0.387028704755819]"
89.84799999999996,START d_bow,"[0.32421507070596783, 0.4828807512955611, 0.15095863795971498, -1.6355254796944292, -2.0622053220404797, 1.0411494632814453]","[-2.5025256315814417, -0.8164221805385132, 1.7318795363055628, -1.678629060784811, -1.4632552305804651, -2.77441651025881]","[-0.31329555772604284, 2.784928833840877, -0.38319855678359, 0.06780051683688593, -0.07731874104752542, -0.38455864757871994]"
90.47199999999998,END d_bow,"[0.3216883875397982, 0.5140856075892496, 0.14707492342888645, -1.6386757142790438, -2.065088757171315, 1.0406888259411988]","[-2.459966484700338, -0.7757257384112854, 1.6578763167010706, -1.6511908970274867, -1.4354832808123987, -2.7428439299212855]","[0.45792801613269335, 1.5384688357184724, -0.24746914495902606, 0.166432060207592, 0.04461326523384452, -0.1421891491734979]"
90.4960000000001,START d_to_g,"[0.3217052414497981, 0.5140774673410083, 0.14708339029361153, -1.6387223283860561, -2.065100476756635, 1.0406364426761843]","[-2.459996763859884, -0.7757378381541749, 1.6578691641436976, -1.6512166462340296, -1.4355023542987269, -2.742840353642599]","[-0.0771394485803911, 1.1008788064420774, 0.07129336392198751, 0.1718507607678899, 0.033807511219407865, -0.14274078090873965]"
91.99199999999996,START g_bow,"[0.22141954862994345, 0.44042876813572573, 0.08193166427174581, -1.8718011878330816, -1.9351363852571954, 0.5236139305891737]","[-2.46549636522402, -0.7539953750422974, 2.073230568562643, -2.4470278225340785, -1.228070084248678, -2.571099583302633]","[0.26159750198800763, 1.0059461644636472, -0.6606030458384016, 0.0901685349164443, 0.037048412952496716, -0.04201051805759544]"
94.48800000000006,END g_bow,"[0.19195535186256296, 0.32207269629825125, 0.07075735241302125, -1.9001032960750506, -1.9337743888702483, 0.5396860006573326]","[-2.658412281666891, -0.7763800185969849, 2.372917715703146, -2.6728245220580042, -1.334991757069723, -2.7296419779406946]","[0.33177961417311896, 0.5130721036449946, -0.8197823711992911, 0.17603525103560325, 0.029605177854392435, -0.12324004205399561]"
94.51999999999998,START g_to_d,"[0.19198101888184105, 0.322049602260995, 0.0707558909138404, -1.9001591863461482, -1.9336920219514004, 0.5396686406935481]","[-2.6585081259356897, -0.7763753694346924, 2.372929636632101, -2.6728292904295863, -1.334996525441305, -2.729666058217184]","[0.5452968187331648, 1.1184428758400056, -0.5154675758003504, 0.165681276961744, 0.026650720742085788, -0.13643938419472038]"
95.952,START d_bow,"[0.33103138480267774, 0.3981981529382606, 0.16158725339659527, -1.6268135989918158, -2.0548612411689584, 1.041671830910437]","[-2.632941548024313, -0.9180601400187989, 1.9099863211261194, -1.7432643375792445, -1.5506323019610804, -2.869194571171896]","[-0.03406143513082989, 1.8224379806904811, -0.6899755022544787, -0.09327536768365441, -0.1318050921196997, -0.467239180743964]"
97.20000000000005,END d_bow,"[0.32165720677601617, 0.5151773654522761, 0.14692981039397623, -1.6390777348381362, -2.0650083743065606, 1.040377314652492]","[-2.458606783543722, -0.7742198270610352, 1.6551535765277308, -1.650372167626852, -1.4344094435321253, -2.7416344324695032]","[0.2606427714489809, 0.9514623075769965, -0.11211414333565384, 0.18329541303045427, 0.045031783971695084, -0.13758303754958234]"
97.22399999999993,START d_to_g,"[0.3216809039859947, 0.5151536393931209, 0.14691075932754788, -1.6391230323464014, -2.0649011210440125, 1.0404314798331673]","[-2.4586663881884974, -0.7742006939700623, 1.6551812330829065, -1.650360723535055, -1.4344061056720179, -2.741622511540548]","[-0.08183138323680639, 1.00218739517437, -0.06340761672321388, 0.18444675238715885, 0.04243759462976777, -0.13230859895795907]"
98.72000000000003,START g_bow,"[0.22169266252212833, 0.4415426253362786, 0.08202056709688119, -1.8714333621648127, -1.9351989169194317, 0.523877704033951]","[-2.4640579859363, -0.7533929508975525, 2.0701897780047815, -2.444761415521139, -1.2273805777179163, -2.5700236002551478]","[-0.3917727477943814, 0.09407881603163214, -0.924768589758339, 0.10043491847941916, 0.023018741782943785, -0.05565145227242376]"
99.35200000000009,END g_bow,"[0.21379322751544488, 0.4096359453922086, 0.07894070125248778, -1.8792902855472688, -1.9343214174691887, 0.5281221325371359]","[-2.507394615803854, -0.7679094833186646, 2.1551554838763636, -2.501458784142965, -1.2510932127581995, -2.6054239908801478]","[-0.4288314617298225, 2.090699531304654, 0.43822597868142643, -0.008317427674371838, -0.015044790592770519, -0.23682604720449324]"
99.36799999999994,START g_bow,"[0.21377935714392332, 0.4096391717556809, 0.07894616308769047, -1.8792585628454774, -1.9343605278146867, 0.5281174994447262]","[-2.507367197667257, -0.767925040130951, 2.1551669279681605, -2.501462598840231, -1.2510932127581995, -2.6054323355304163]","[-1.046859269627643, 0.2346242639790864, 0.9236996127911876, 0.0013298284459980908, -0.04909459420330081, -0.25907335606423765]"
99.99199999999996,END g_bow,"[0.2216793862013075, 0.44155258290889104, 0.08200056607479601, -1.8714174110049457, -1.9352061950636814, 0.5238018971890623]","[-2.4640234152423304, -0.7533284586719056, 2.0701735655414026, -2.4448687038817347, -1.2273410002337855, -2.5699995199786585]","[0.14282597502042033, -0.002480707822138517, -0.3875475968822365, 0.10317576140596513, 0.01971225513869606, -0.018981343160813333]"
100.01600000000008,START g_bow,"[0.22166574862343716, 0.44152943108216464, 0.08197513926779951, -1.871418043176896, -1.9351683441540608, 0.5239517173744289]","[-2.464043680821554, -0.753297285442688, 2.0702407995807093, -2.444852491418356, -1.2273648420916956, -2.5700150171863]","[-0.10995827573101757, 0.19466323497737711, -0.9118725012671782, 0.10609429454063427, 0.03405203874756688, -0.01952493681776029]"
101.27199999999993,END g_bow,"[0.19204243331916618, 0.32192701029727616, 0.07081386651813004, -1.9008276235251356, -1.9329534230826377, 0.5387727556256122]","[-2.6589749495135706, -0.7764603656581421, 2.3732529322253626, -2.6735531292357386, -1.3346369902240198, -2.7294297854052942]","[-0.4239809310122341, 1.4650215105942495, -0.09881787146384935, 0.09542547789899072, -0.026386873883492788, -0.3560951800358986]"
101.29600000000005,START g_bow,"[0.192023659439213, 0.32193130956903404, 0.07080940474388214, -1.9007839483587783, -1.932962320937434, 0.5388150435568277]","[-2.658935848866598, -0.7764446896365662, 2.3732689062701624, -2.6735531292357386, -1.3346212545977991, -2.7294262091266077]","[-0.8239261161628174, 1.198106917457633, 0.1567151739322667, 0.0992474322841346, -0.029251613527442936, -0.35061971501298067]"
101.92000000000007,END g_bow,"[0.19996338435417058, 0.3538474226323702, 0.07382474017407387, -1.8929536731315633, -1.933805861395962, 0.5346045594917253]","[-2.5973570982562464, -0.7798513931087037, 2.2964866797076624, -2.6071769199767054, -1.3007872740374964, -2.6792317072497767]","[0.40620733722246577, 1.2545572639699938, -0.2270505514190509, 0.09135448082308016, 0.017632299227357297, -0.1278443168284469]"
101.94399999999996,START g_bow,"[0.19995636235821915, 0.35383279412329993, 0.07381311527930083, -1.892969672078501, -1.9337078690111709, 0.5346969859165274]","[-2.597384277974264, -0.7798238557628174, 2.2965336481677454, -2.6071683369078578, -1.3007686773883265, -2.679216210042135]","[0.6281102820735954, 1.559305023632238, -0.29863956591901364, 0.08506873521266697, 0.028751569517912717, -0.12241354244516901]"
102.56799999999998,END g_bow,"[0.1920752765759301, 0.32193727831557045, 0.0709230259970336, -1.9009114842057524, -1.9331026418617594, 0.5383456823420387]","[-2.658990208302633, -0.7767995160869141, 2.3732529322253626, -2.6735421619811, -1.3346212545977991, -2.7294417063342493]","[-0.01636035325229622, 2.7299342328681964, -0.11113007593241067, 0.07493525611034088, -0.015646991654746173, -0.31852167118327673]"
102.5920000000001,START g_bow,"[0.19207185333956417, 0.3219644724612957, 0.07092327195440515, -1.9008758136078943, -1.9332543428908744, 0.5382733810434521]","[-2.6589112917529505, -0.7767995756915589, 2.3731864134417933, -2.673565527001852, -1.334648911152975, -2.7294417063342493]","[0.14277189280692706, 2.3495086080776684, -0.04174148389713363, 0.08296519936596973, -0.01895235746524971, -0.3268522272854986]"
105.096,END g_bow,"[0.2812328192425284, 0.6816355340114436, 0.10462323911846227, -1.8121610997515947, -1.9403104374939213, 0.4936899411487148]","[-2.25236684480776, -0.4969017070582886, 1.289731804524557, -2.009174963037008, -1.108835522328512, -2.400585476552145]","[0.30067773514883217, 0.9562881266054792, -0.8821729864054502, -0.0021006683642671754, 0.028623407662919775, 0.03852419431303739]"
